{
    "hidden": false,
    "type": "origins:active_self",
    "name": "Ender Shift",
    "description": "Phase between the end and overworld",
    "cooldown": 2400,
    "key": "secondary",
    "entity_action": {
        "type": "origins:execute_command",
        "permission_level": 4,
        "command": "execute as @s run function shiftchallenge:shiftpowerend"
    },
    "hud_render": {
        "should_render": true,
        "sprite_location": "origins:textures/gui/resource_bar.png",
        "bar_index": 6
    }
}