{
    "hidden": false,
    "type": "origins:active_self",
    "name": "Inferno Shift",
    "description": "Phase between the nether and overworld",
    "cooldown": 1200,
    "key": "primary",
    "entity_action": {
        "type": "origins:execute_command",
        "permission_level": 4,
        "command": "execute as @s run function shiftchallenge:shiftpower"
    },
    "hud_render": {
        "should_render": true,
        "sprite_location": "origins:textures/gui/resource_bar.png",
        "bar_index": 7
    }
}